<?xml version='1.0' encoding='utf-8' standalone='yes' ?>
<map>
    <string name="gcd">{&quot;net&quot;:3042,&quot;retries&quot;:0}</string>
    <string name="afUninstallToken">faG-sYxeReG2-sU7h407IZ:APA91bGfpgs74YhoElU8XHpHO3AExeOMk_A3aDvgp9tdYjBpSBAizV2DqVe4ibgReX4ekduiFjoPIB97iaCRcHAXxphIOtJ0gvf3nGY5lClyKcMrXnf5nAU</string>
    <long name="prev_session_dur" value="59" />
    <long name="af_rc_max_age" value="86400" />
    <boolean name="ddl_sent" value="true" />
    <string name="sentSuccessfully">true</string>
    <string name="af_remote_config">eyJmZWF0dXJlcyI6e30sInZlciI6ImRlZmF1bHQudjEuMTYzNzE0OTUyOSJ9</string>
    <int name="versionCode" value="20341" />
    <boolean name="sentRegisterRequestToAF" value="true" />
    <string name="savedProperties">{&quot;uid&quot;:&quot;1753160787212-2434396176575274235&quot;,&quot;waitForCustomerId&quot;:&quot;false&quot;,&quot;logLevel&quot;:&quot;0&quot;,&quot;AppUserId&quot;:&quot;__db7ba9565cef45ef9e112e28e2fdc075&quot;,&quot;advertiserId&quot;:&quot;c49f1757-5b33-46a3-b1c7-21d04fc99999&quot;,&quot;advertiserIdEnabled&quot;:&quot;true&quot;}</string>
    <string name="AF_INSTALLATION">1753160787212-2434396176575274235</string>
    <boolean name="afUninstallToken_queued" value="false" />
    <int name="appsFlyerCount" value="1" />
    <long name="af_rc_timestamp" value="1753160783814" />
    <long name="AppsFlyerTimePassedSincePrevLaunch" value="1753160787294" />
    <boolean name="newGPReferrerSent" value="true" />
    <string name="first_launch">{&quot;net&quot;:1219,&quot;from_fg&quot;:943,&quot;start_with&quot;:&quot;activity&quot;,&quot;init_to_fg&quot;:3925}</string>
    <string name="appsFlyerFirstInstall">2025-07-22_050627+0000</string>
    <long name="afUninstallToken_received_time" value="1753160787368" />
    <string name="attributionId">{&quot;af_status&quot;:&quot;Organic&quot;,&quot;af_message&quot;:&quot;organic install&quot;,&quot;is_first_launch&quot;:false}</string>
</map>
