<?xml version='1.0' encoding='utf-8' standalone='yes' ?>
<map>
    <string name="gcd">{&quot;net&quot;:2801,&quot;retries&quot;:0}</string>
    <long name="prev_session_dur" value="35" />
    <string name="afUninstallToken">frDLdh3xRm-OgIwcvdmqGy:APA91bHl8203OjLfY6gIzK1FnTHgSSbzD8CLS8hwh1wuMt2ma08k1Tys2S85VMN9QiJK43fm3X5jJJ2CLjhf9JOjWCSD8zOIAq1hzfAWnqaxnsVVDl_BBfo</string>
    <long name="af_rc_max_age" value="86400" />
    <boolean name="ddl_sent" value="true" />
    <string name="sentSuccessfully">true</string>
    <string name="af_remote_config">eyJmZWF0dXJlcyI6e30sInZlciI6ImRlZmF1bHQudjEuMTYzNzE0OTUyOSJ9</string>
    <int name="versionCode" value="20342" />
    <boolean name="sentRegisterRequestToAF" value="true" />
    <string name="savedProperties">{&quot;uid&quot;:&quot;1754427035222-6540466423129038062&quot;,&quot;waitForCustomerId&quot;:&quot;false&quot;,&quot;logLevel&quot;:&quot;0&quot;,&quot;AppUserId&quot;:&quot;__1f28ab44db06421f9a3aa30a655ab58c&quot;,&quot;advertiserId&quot;:&quot;c49f1757-5b33-46a3-b1c7-21d04fc99999&quot;,&quot;advertiserIdEnabled&quot;:&quot;true&quot;}</string>
    <string name="AF_INSTALLATION">1754427035222-6540466423129038062</string>
    <boolean name="afUninstallToken_queued" value="false" />
    <int name="appsFlyerCount" value="1" />
    <long name="af_rc_timestamp" value="1754427033043" />
    <long name="AppsFlyerTimePassedSincePrevLaunch" value="1754427035329" />
    <boolean name="newGPReferrerSent" value="true" />
    <string name="first_launch">{&quot;net&quot;:742,&quot;from_fg&quot;:677,&quot;start_with&quot;:&quot;activity&quot;,&quot;init_to_fg&quot;:2568}</string>
    <string name="appsFlyerFirstInstall">2025-08-05_205035+0000</string>
    <long name="afUninstallToken_received_time" value="1754427037420" />
    <string name="attributionId">{&quot;install_time&quot;:&quot;2025-08-05 20:50:35.732&quot;,&quot;af_message&quot;:&quot;organic install&quot;,&quot;af_status&quot;:&quot;Organic&quot;,&quot;is_first_launch&quot;:false}</string>
</map>
