<?xml version='1.0' encoding='utf-8' standalone='yes' ?>
<map>
    <boolean name="measurement_enabled_from_api" value="true" />
    <long name="first_open_time" value="1754427032365" />
    <string name="gmp_app_id">1:732565920259:android:f6e58ab0ed20c3cd</string>
    <string name="app_instance_id">6b639a65131d64bc0f63d3257ef38f10</string>
    <boolean name="app_backgrounded" value="true" />
    <long name="session_id" value="1754427033" />
    <long name="health_monitor:start" value="1754427033747" />
    <boolean name="use_service" value="true" />
    <boolean name="deferred_analytics_collection" value="true" />
    <boolean name="measurement_enabled" value="true" />
    <string name="previous_os_version">15</string>
    <boolean name="has_been_opened" value="true" />
    <boolean name="allow_remote_dynamite" value="true" />
    <long name="last_pause_time" value="1754427071434" />
    <boolean name="start_new_session" value="false" />
</map>
