<?xml version='1.0' encoding='utf-8' standalone='yes' ?>
<map>
    <long name="fire-count" value="1" />
    <string name="last-used-date">2025-08-05</string>
    <long name="fire-global" value="1754427032397" />
    <set name="kotlin/2.1.21 fire-installations/18.0.0 fire-rc/22.1.2 android-installer/ fire-dl/22.1.0 fire-app-check/18.0.0 fire-abt/21.1.1 fire-gcs/21.0.2 fire-core/21.0.0 fire-db-ktx/21.0.0 fire-core-ktx/21.0.0 android-platform/ fire-sessions/2.1.2 fire-cls/19.4.4 device-brand/Xiaomi fire-transport/19.0.0 device-model/sweetin android-target-sdk/34 fire-perf-ktx/21.0.5 android-min-sdk/23 fire-rtdb/21.0.0 fire-android/35 device-name/lineage_sweet fire-fcm/24.1.2 fire-perf/21.0.5 fire-analytics/22.5.0">
        <string>2025-08-05</string>
    </set>
</map>
