<?xml version='1.0' encoding='utf-8' standalone='yes' ?>
<map>
    <int name="encryptionMigrationFailureCount:48K-8WW-754Z" value="0" />
    <string name="deviceId:48K-8WW-754Z">__db7ba9565cef45ef9e112e28e2fdc075</string>
    <string name="ict_date:__db7ba9565cef45ef9e112e28e2fdc075:48K-8WW-754Z">22072025</string>
    <string name="pfworkid">48K-8WW-754Z</string>
    <int name="cachedGUIDsLengthKey:48K-8WW-754Z" value="2" />
    <int name="lastSessionId:48K-8WW-754Z" value="1753160784" />
    <boolean name="NetworkInfo:48K-8WW-754Z" value="true" />
    <string name="fcm_token:48K-8WW-754Z">faG-sYxeReG2-sU7h407IZ:APA91bGfpgs74YhoElU8XHpHO3AExeOMk_A3aDvgp9tdYjBpSBAizV2DqVe4ibgReX4ekduiFjoPIB97iaCRcHAXxphIOtJ0gvf3nGY5lClyKcMrXnf5nAU</string>
    <boolean name="OptOut:__db7ba9565cef45ef9e112e28e2fdc075:48K-8WW-754Z" value="false" />
    <string name="comms_dmn:48K-8WW-754Z">eu1.clevertap-prod.com</string>
    <int name="comms_last_ts:48K-8WW-754Z" value="1753160839" />
    <int name="comms_first_ts:48K-8WW-754Z" value="1753160786" />
    <int name="encryptionLevel:48K-8WW-754Z" value="0" />
    <int name="sexe:48K-8WW-754Z" value="1753160847" />
    <int name="comms_mtd:48K-8WW-754Z" value="0" />
    <boolean name="ssInAppMigrated:48K-8WW-754Z" value="true" />
    <string name="instance:48K-8WW-754Z">{&quot;accountId&quot;:&quot;48K-8WW-754Z&quot;,&quot;accountToken&quot;:&quot;00b-3b4&quot;,&quot;fcmSenderId&quot;:&quot;732565920259&quot;,&quot;analyticsOnly&quot;:false,&quot;isDefaultInstance&quot;:true,&quot;useGoogleAdId&quot;:false,&quot;disableAppLaunchedEvent&quot;:false,&quot;personalization&quot;:true,&quot;debugLevel&quot;:0,&quot;createdPostAppLaunch&quot;:false,&quot;sslPinning&quot;:false,&quot;backgroundSync&quot;:true,&quot;getEnableCustomCleverTapId&quot;:false,&quot;beta&quot;:false,&quot;encryptionLevel&quot;:0,&quot;allowedPushTypes&quot;:[]}</string>
    <int name="istc_inapp:__db7ba9565cef45ef9e112e28e2fdc075:48K-8WW-754Z" value="0" />
    <int name="istmcd_inapp:__db7ba9565cef45ef9e112e28e2fdc075:48K-8WW-754Z" value="10" />
    <string name="comms_dmn_spiky:48K-8WW-754Z">eu1-spiky.clevertap-prod.com</string>
    <int name="imc:__db7ba9565cef45ef9e112e28e2fdc075:48K-8WW-754Z" value="5" />
    <string name="SP_KEY_PROFILE_IDENTITIES:48K-8WW-754Z">Email,Identity</string>
    <string name="cachedGUIDsKey:48K-8WW-754Z">{&quot;Email_&quot;:&quot;__db7ba9565cef45ef9e112e28e2fdc075&quot;,&quot;Identity_2307080500489883570&quot;:&quot;__db7ba9565cef45ef9e112e28e2fdc075&quot;}</string>
    <long name="last_assets_cleanup" value="1753160786532" />
</map>
