<?xml version='1.0' encoding='utf-8' standalone='yes' ?>
<map>
    <int name="encryptionMigrationFailureCount:48K-8WW-754Z" value="0" />
    <string name="deviceId:48K-8WW-754Z">__1f28ab44db06421f9a3aa30a655ab58c</string>
    <string name="pfworkid">48K-8WW-754Z</string>
    <int name="cachedGUIDsLengthKey:48K-8WW-754Z" value="2" />
    <int name="lastSessionId:48K-8WW-754Z" value="1754427033" />
    <boolean name="NetworkInfo:48K-8WW-754Z" value="true" />
    <string name="fcm_token:48K-8WW-754Z">frDLdh3xRm-OgIwcvdmqGy:APA91bHl8203OjLfY6gIzK1FnTHgSSbzD8CLS8hwh1wuMt2ma08k1Tys2S85VMN9QiJK43fm3X5jJJ2CLjhf9JOjWCSD8zOIAq1hzfAWnqaxnsVVDl_BBfo</string>
    <int name="istc_inapp:__1f28ab44db06421f9a3aa30a655ab58c:48K-8WW-754Z" value="0" />
    <string name="comms_dmn:48K-8WW-754Z">eu1.clevertap-prod.com</string>
    <int name="comms_last_ts:48K-8WW-754Z" value="1754427068" />
    <int name="comms_first_ts:48K-8WW-754Z" value="1754427039" />
    <int name="encryptionLevel:48K-8WW-754Z" value="0" />
    <string name="ict_date:__1f28ab44db06421f9a3aa30a655ab58c:48K-8WW-754Z">06082025</string>
    <int name="sexe:48K-8WW-754Z" value="1754427071" />
    <int name="comms_mtd:48K-8WW-754Z" value="0" />
    <boolean name="OptOut:__1f28ab44db06421f9a3aa30a655ab58c:48K-8WW-754Z" value="false" />
    <boolean name="ssInAppMigrated:48K-8WW-754Z" value="true" />
    <string name="instance:48K-8WW-754Z">{&quot;accountId&quot;:&quot;48K-8WW-754Z&quot;,&quot;accountToken&quot;:&quot;00b-3b4&quot;,&quot;fcmSenderId&quot;:&quot;732565920259&quot;,&quot;analyticsOnly&quot;:false,&quot;isDefaultInstance&quot;:true,&quot;useGoogleAdId&quot;:false,&quot;disableAppLaunchedEvent&quot;:false,&quot;personalization&quot;:true,&quot;debugLevel&quot;:0,&quot;createdPostAppLaunch&quot;:false,&quot;sslPinning&quot;:false,&quot;backgroundSync&quot;:true,&quot;getEnableCustomCleverTapId&quot;:false,&quot;beta&quot;:false,&quot;encryptionLevel&quot;:0,&quot;allowedPushTypes&quot;:[]}</string>
    <int name="istmcd_inapp:__1f28ab44db06421f9a3aa30a655ab58c:48K-8WW-754Z" value="10" />
    <string name="comms_dmn_spiky:48K-8WW-754Z">eu1-spiky.clevertap-prod.com</string>
    <string name="SP_KEY_PROFILE_IDENTITIES:48K-8WW-754Z">Email,Identity</string>
    <int name="imc:__1f28ab44db06421f9a3aa30a655ab58c:48K-8WW-754Z" value="5" />
    <string name="cachedGUIDsKey:48K-8WW-754Z">{&quot;Email_&quot;:&quot;__1f28ab44db06421f9a3aa30a655ab58c&quot;,&quot;Identity_2307080500489883570&quot;:&quot;__1f28ab44db06421f9a3aa30a655ab58c&quot;}</string>
    <long name="last_assets_cleanup" value="1754427039914" />
</map>
