{"Fid":"faG-sYxeReG2-sU7h407IZ","Status":3,"AuthToken":"eyJhbGciOiJFUzI1NiIsInR5cCI6IkpXVCJ9.eyJhcHBJZCI6IjE6NzMyNTY1OTIwMjU5OmFuZHJvaWQ6ZjZlNThhYjBlZDIwYzNjZCIsImV4cCI6MTc1Mzc2NTU4NCwiZmlkIjoiZmFHLXNZeGVSZUcyLXNVN2g0MDdJWiIsInByb2plY3ROdW1iZXIiOjczMjU2NTkyMDI1OX0.AB2LPV8wRgIhAOuKmYKxyur2ly-GCz8U0yadW4Zd3OtJJAbJOoEiN7T1AiEAw2unPf0MFlNUP8GBIWp1yJ87acD0U9_BEdRqYMCDoxo","RefreshToken":"3_AS3qfwK5brOHT8qaM186KxzNPtWPaCK547gpkfzVbL0370Def2hr9g0J2ewzloFG5lPtoc6rKwyHGBYlP3LwsUj1Icftz1yCPgQx1hlxXvKDKsg","TokenCreationEpochInSecs":1753160784,"ExpiresInSecs":604800}