{"Fid":"frDLdh3xRm-OgIwcvdmqGy","Status":3,"AuthToken":"eyJhbGciOiJFUzI1NiIsInR5cCI6IkpXVCJ9.eyJhcHBJZCI6IjE6NzMyNTY1OTIwMjU5OmFuZHJvaWQ6ZjZlNThhYjBlZDIwYzNjZCIsImV4cCI6MTc1NTAzMTgzMiwiZmlkIjoiZnJETGRoM3hSbS1PZ0l3Y3ZkbXFHeSIsInByb2plY3ROdW1iZXIiOjczMjU2NTkyMDI1OX0.AB2LPV8wRQIgcy9ZZ38ZfylT3WTMewtbpGekRN4h35omIUs1UmpK458CIQCW4ZO6HXmgikAKevJcGfdYMzauhIbuhpl-9-Zm1wY7Vw","RefreshToken":"3_AS3qfwLIuNEm0e_4NRCcpNBxmXvdtp786nkd_oZjyHnAJx2IgUIMdfPOwxz98dhi38oUputW9Z1XArjkiMt3wCgqkljbSYl8lo49HM5qt1Y-xrw","TokenCreationEpochInSecs":1754427033,"ExpiresInSecs":604800}